各警察局近半年來易發生婦幼被害犯罪地點調查表,,,
地點位置,,管轄警察局,分局
1,澎湖縣國立空中大學澎湖指導中心校區周邊,澎湖縣政府警察局,馬公分局
2,澎湖縣草蓆尾,澎湖縣政府警察局,馬公分局
3,澎湖縣國立澎湖科技大學周邊,澎湖縣政府警察局,馬公分局
4,澎湖縣文化局周邊,澎湖縣政府警察局,馬公分局
5,澎湖縣三多路龍行新城周邊,澎湖縣政府警察局,馬公分局
6,澎湖縣西嶼鄉竹灣漁港周邊,澎湖縣政府警察局,白沙分局
7,澎湖縣第三漁港周邊,澎湖縣政府警察局,馬公分局
8,嘉義縣民雄鄉建國路2段地下道,嘉義縣警察局,民雄分局
9,嘉義縣民雄鄉建國路1段,嘉義縣警察局,民雄分局
10,嘉義縣六腳鄉豐美村,嘉義縣警察局,朴子分局
11,嘉義縣六腳鄉蒜東村蒜頭路,嘉義縣警察局,朴子分局
12,臺南市新營區忠政里中正路段,臺南市政府警察局,新營分局
13,臺南市隆田火車站(後站)臺南市官田區中興路與中華路口,臺南市政府警察局,麻豆分局
14,臺南市官田區官田里420至430號之間,臺南市政府警察局,麻豆分局
15,臺南市麻豆區173現太西橋北端,臺南市政府警察局,麻豆分局
16,臺南市善化區民族路及信路口號周邊,臺南市政府警察局,善化分局
17,臺南市善化區文昌里中正路188巷周邊,臺南市政府警察局,善化分局
18,臺南市新市區永福街100至124號周邊,臺南市政府警察局,善化分局
19,臺南市仁德區仁德里仁德交流道附近汽車旅館,臺南市政府警察局,歸仁分局
20,臺南市仁德區成功里保生東路300至330號附近,臺南市政府警察局,歸仁分局
21,臺南市玉井區中華路58至78號,臺南市政府警察局,玉井分局
22,臺南市玉井區中正路118至138號,臺南市政府警察局,玉井分局
23,臺南市玉井區民生路390至410號,臺南市政府警察局,玉井分局
24,臺南市玉井區民族路20至40號,臺南市政府警察局,玉井分局
25,臺南市玉井區中華路103至123號,臺南市政府警察局,玉井分局
26,臺南市玉井區和平街127至147號,臺南市政府警察局,玉井分局
27,臺南市玉井區信義街95至115號,臺南市政府警察局,玉井分局
28,臺南市玉井區民主街70至90號,臺南市政府警察局,玉井分局
29,臺南市玉井區中山路242至262號,臺南市政府警察局,玉井分局
30,臺南市玉井區民權路140至166號,臺南市政府警察局,玉井分局
31,臺南市玉井區民權路22至42號,臺南市政府警察局,玉井分局
32,臺南市玉井區東勢路117至139號,臺南市政府警察局,玉井分局
33,臺南市南化里64至84號,臺南市政府警察局,玉井分局
34,臺南市永康區永安路105號至165號,臺南市政府警察局,永康分局
35,臺南市永康區中正北路101號至189號,臺南市政府警察局,永康分局
36,臺南市永康區中華路245號至255號,臺南市政府警察局,永康分局
37,臺南市永康區忠孝路76號至106號,臺南市政府警察局,永康分局
38,臺南市永康區富強路一段278號至富強路二段10號,臺南市政府警察局,永康分局
39,臺南市東區仁和路67巷11-31號,臺南市政府警察局,第一分局
40,臺南市東區勝利路34-68號,臺南市政府警察局,第一分局
41,臺南市東區長榮路3段58-102號,臺南市政府警察局,第一分局
42,臺南市東區成功大學光復校區圍牆邊後火車站附近,臺南市政府警察局,第一分局
43,臺南市東區凱旋路東興路口附近,臺南市政府警察局,第一分局
44,臺南市東區育樂街109至251號,臺南市政府警察局,第一分局
45,臺南市東區崇善11街12巷2號至10號,臺南市政府警察局,第一分局
46,臺南市東區仁和路51號至169號,臺南市政府警察局,第一分局
47,臺南市東區生產路285號至313號,臺南市政府警察局,第一分局
48,臺南市東區東門路2段137至291號,臺南市政府警察局,第一分局
49,臺南市東區富農街1段59至79號,臺南市政府警察局,第一分局
50,臺南東區大同路2段111至121號,臺南市政府警察局,第一分局
51,臺南市東區長榮路3段3至29號,臺南市政府警察局,第一分局
52,臺南市東區前鋒路210至222號,臺南市政府警察局,第一分局
53,臺南市東區育樂街109至121號,臺南市政府警察局,第一分局
54,臺南市東區勝利路34至42號,臺南市政府警察局,第一分局
55,臺南市東區凱旋路141至149號,臺南市政府警察局,第一分局
56,臺南市中西區中華西路2段,臺南市政府警察局,第二分局
57,臺南市中西區五妃街309巷1至21號,臺南市政府警察局,第二分局
58,臺南市安南區府安路5段11巷,臺南市政府警察局,第三分局
59,臺南市安平區府前路2段、建平路口,臺南市政府警察局,第四分局
60,臺南市北區成功路2至10號,臺南市政府警察局,第五分局
61,臺南市南區大同路二段620巷至750巷,臺南市政府警察局,第六分局
62,臺南市南區西門路一段306號至大成路段,臺南市政府警察局,第六分局
63,臺南市南區國民路2號至國民路158巷 ,臺南市政府警察局,第六分局
64,臺南市南區健康路二段270號至500號,臺南市政府警察局,第六分局
65,臺南市南區西門路一段215號至633號路段,臺南市政府警察局,第六分局
66,臺南市南區金華路一段113號至519號路段,臺南市政府警察局,第六分局
67,臺南市南區灣裡路60巷至灣裡路80巷,臺南市政府警察局,第六分局
68,臺南市南區明興路371巷、1285巷,臺南市政府警察局,第六分局
69,臺東縣臺東市中山路底(森林公園廁所內),臺東縣警察局,臺東分局
70,臺東縣臺東市豐田路121巷內,臺東縣警察局,臺東分局
71,臺東縣臺東市知本地區捷地爾遊樂區八角亭旁,臺東縣警察局,臺東分局
72,臺東縣鹿野鄉中華路1段406巷小公園涼亭內,臺東縣警察局,關山分局
73,臺東縣鹿野鄉富源路及延平鄉鸞山產業道路,臺東縣警察局,關山分局
74,宜蘭市林森路後火車站,宜蘭縣政府警察局,宜蘭分局
75,宜蘭市東港路2巷五大社區,宜蘭縣政府警察局,宜蘭分局
76,宜蘭市中山路宜蘭橋下,宜蘭縣政府警察局,宜蘭分局
77,宜蘭縣市舊城南路中山公園,宜蘭縣政府警察局,宜蘭分局
78,宜蘭縣鼻頭仔公園,宜蘭縣政府警察局,宜蘭分局
79,宜蘭縣員山鄉與大同鄉交界處,宜蘭縣政府警察局,宜蘭分局
80,宜蘭市運動公園,宜蘭縣政府警察局,宜蘭分局
81,宜蘭縣竹義路2號竹義廟,宜蘭縣政府警察局,羅東分局
82,宜蘭縣羅東夜市,宜蘭縣政府警察局,羅東分局
83,宜蘭縣羅東火車站,宜蘭縣政府警察局,羅東分局
84,宜蘭縣羅東運動公園,宜蘭縣政府警察局,羅東分局
85,宜蘭縣安平大眾廟,宜蘭縣政府警察局,羅東分局
86,宜蘭縣義成路變電所,宜蘭縣政府警察局,羅東分局
87,宜蘭縣大進高壓變電所,宜蘭縣政府警察局,羅東分局
88,宜蘭縣頭城鎮協天宮,宜蘭縣政府警察局,礁溪分局
89,宜蘭縣頂埔火車站,宜蘭縣政府警察局,礁溪分局
90,宜蘭縣大福海邊,宜蘭縣政府警察局,礁溪分局
91,宜蘭縣永護廟,宜蘭縣政府警察局,礁溪分局
92,宜蘭縣圓山公園溫泉泳池周邊,宜蘭縣政府警察局,礁溪分局
93,宜蘭縣對面國工局門口,宜蘭縣政府警察局,礁溪分局
94,宜蘭縣蘇澳火車站,宜蘭縣政府警察局,蘇澳分局
95,宜蘭縣蘇澳新火車站,宜蘭縣政府警察局,蘇澳分局
96,宜蘭縣豆腐岬,宜蘭縣政府警察局,蘇澳分局
97,宜蘭縣北濱公園,宜蘭縣政府警察局,蘇澳分局
98,宜蘭縣南澳火車站,宜蘭縣政府警察局,蘇澳分局
99,宜蘭縣分洪堰風景區,宜蘭縣政府警察局,三星分局
100,宜蘭縣上將路周邊,宜蘭縣政府警察局,三星分局
101,宜蘭縣三星路段周邊,宜蘭縣政府警察局,三星分局
102,嘉義市西區北榮街路段,嘉義市政府警察局,第一分局
103,屏東市建國路與大同路附近,屏東縣政府警察局,屏東分局
104,屏東市建國路與和平路附近,屏東縣政府警察局,屏東分局
105,屏東市自由路與中正路附近,屏東縣政府警察局,屏東分局
106,屏東市光復路附近,屏東縣政府警察局,屏東分局
107,屏東市台糖街附近,屏東縣政府警察局,屏東分局
108,屏東縣潮州鎮新生里平安路,屏東縣政府警察局,潮州分局
109,屏東縣來義鄉古樓村中正路附近,屏東縣政府警察局,潮州分局
110,屏東縣新園鄉五房村堤防路,屏東縣政府警察局,東港分局
111,屏東縣鹽洲國小旁產業道路,屏東縣政府警察局,東港分局
112,屏東縣新園鄉田洋村堤防路,屏東縣政府警察局,東港分局
113,屏東縣琉球鄉國小海邊,屏東縣政府警察局,東港分局
114,屏東縣佳冬鄉萬建村忠孝街、忠信街口,屏東縣政府警察局,枋寮分局
115,屏東縣春日鄉春日村春日段(近古華芒果園),屏東縣政府警察局,枋寮分局
116,屏東縣佳冬鄉六根村西邊路段,屏東縣政府警察局,枋寮分局
117,屏東縣內埔鄉隘寮村清涼路段,屏東縣政府警察局,內埔分局
118,屏東縣瑪家鄉涼山村沿山公路段,屏東縣政府警察局,內埔分局
119,花蓮市國盛二、七街(防汎道路),花蓮縣警察局,花蓮分局
120,花蓮市南濱公園路橋涵洞,花蓮縣警察局,花蓮分局
121,花蓮市美崙石頭公園,花蓮縣警察局,花蓮分局
122,花蓮市府前與永興路口,花蓮縣警察局,花蓮分局
123,花蓮市中山路與商校街口至商校街與進豐街口,花蓮縣警察局,花蓮分局
124,花蓮市南濱公園,花蓮縣警察局,花蓮分局
125,花蓮縣秀林鄉銅門村,花蓮縣警察局,吉安分局
126,花蓮縣吉安鄉吉安村吉安路二段,花蓮縣警察局,吉安分局
127,蓮縣吉安鄉南華村山下路,花蓮縣警察局,吉安分局
128,花蓮縣吉安鄉仁里村東里一街,花蓮縣警察局,吉安分局
129,花蓮縣吉安鄉中央路二段,花蓮縣警察局,吉安分局
130,花蓮縣新城鄉北埔村樹林街,花蓮縣警察局,新城分局
131,花蓮縣秀林鄉富世村富世,花蓮縣警察局,新城分局
132,花蓮縣秀林鄉秀林村民治,花蓮縣警察局,新城分局
133,花蓮縣秀林鄉景美村加灣,花蓮縣警察局,新城分局
134,花蓮縣秀林鄉景美村三棧多功能活動中心廁所,花蓮縣警察局,新城分局
135,花蓮縣新城鄉嘉里村嘉里二路,花蓮縣警察局,新城分局
136,花蓮縣新城鄉新城村仁愛路,花蓮縣警察局,新城分局
137,花蓮縣新城鄉大漢村大德街,花蓮縣警察局,新城分局
138,花蓮縣秀林鄉佳民村佳民,花蓮縣警察局,新城分局
139,花蓮縣新城鄉大漢村大漢,花蓮縣警察局,新城分局
140,花蓮縣新城鄉順安村北三棧,花蓮縣警察局,新城分局
141,花蓮縣秀林鄉景美村加灣,花蓮縣警察局,新城分局
142,花蓮縣新城鄉康樂村產業道路,花蓮縣警察局,新城分局
143,花蓮縣光復鄉大安村中正路,花蓮縣警察局,鳳林分局
144,花蓮縣光復鄉大華村中正路1段,花蓮縣警察局,鳳林分局
145,花蓮縣瑞穗鄉富源村中正北路三段,花蓮縣警察局,鳳林分局
146,花蓮縣光復鄉中山路二段,花蓮縣警察局,鳳林分局
147,花蓮縣瑞穗鄉中正北路,花蓮縣警察局,鳳林分局
148,花蓮縣萬榮鄉見晴村見晴產業道路,花蓮縣警察局,鳳林分局
149,花蓮縣光復鄉林森路,花蓮縣警察局,鳳林分局
150,花蓮縣東里鄉后莊路,花蓮縣警察局,玉里分局
151,花蓮縣玉里鎮忠智路,花蓮縣警察局,玉里分局
152,桃園市大興西路段沿線,桃園縣政府警察局,桃園分局
153,桃園縣中壢市新生路三段一帶,桃園縣政府警察局,中壢分局
154,桃園縣中壢市合圳北路二段一帶,桃園縣政府警察局,中壢分局
155,桃園縣富岡火車站周邊,桃園縣政府警察局,楊梅分局
156,桃園縣楊湖路三元宮周邊,桃園縣政府警察局,楊梅分局
157,桃園縣永安漁港周邊,桃園縣政府警察局,楊梅分局
158,桃園縣大園鄉三民路二段,桃園縣政府警察局,大園分局
159,桃園縣大園鄉中正東路一段,桃園縣政府警察局,大園分局
160,桃園縣中豐路山頂段、東豐路與山福路區段,桃園縣政府警察局,平鎮分局
161,桃園縣大溪鎮介壽路550巷往大鶯路,桃園縣政府警察局,大溪分局
162,桃園縣大溪桃64線往南興,桃園縣政府警察局,大溪分局
163,桃園縣龜山鄉萬壽路1段69巷口,桃園縣政府警察局,龜山分局
164,桃園縣文化二路34巷14弄口,桃園縣政府警察局,龜山分局
165,桃園縣蘆竹鄉大竹路,桃園縣政府警察局,蘆竹分局
166,桃園縣蘆竹鄉山林路1段,桃園縣政府警察局,蘆竹分局
167,桃園縣蘆竹鄉中正路,桃園縣政府警察局,蘆竹分局
168,桃園縣蘆竹鄉中正路83巷,桃園縣政府警察局,蘆竹分局
169,桃園縣蘆竹鄉光明路1段,桃園縣政府警察局,蘆竹分局
170,桃園縣蘆竹鄉光復路,桃園縣政府警察局,蘆竹分局
171,桃園縣蘆竹鄉長興路1段,桃園縣政府警察局,蘆竹分局
172,桃園縣蘆竹鄉南山路1段,桃園縣政府警察局,蘆竹分局
173,桃園縣蘆竹鄉南山路2段,桃園縣政府警察局,蘆竹分局
174,桃園縣蘆竹鄉南崁路1段,桃園縣政府警察局,蘆竹分局
175,桃園縣蘆竹鄉南崁路2段,桃園縣政府警察局,蘆竹分局
176,桃園縣蘆竹鄉南福街,桃園縣政府警察局,蘆竹分局
177,桃園縣蘆竹鄉洛陽街,桃園縣政府警察局,蘆竹分局
178,桃園縣蘆竹鄉桃園街,桃園縣政府警察局,蘆竹分局
179,桃園縣蘆竹鄉海湖東路,桃園縣政府警察局,蘆竹分局
180,桃園縣蘆竹鄉富國路198巷,桃園縣政府警察局,蘆竹分局
181,桃園縣蘆竹鄉愛國一路,桃園縣政府警察局,蘆竹分局
182,桃園縣八德市永福西街,桃園縣政府警察局,八德分局
183,桃園縣建國路仁德一路巷口,桃園縣政府警察局,八德分局
184,桃園縣八德市福國北街,桃園縣政府警察局,八德分局
185,苗栗縣銅鑼鄉興隆村苗一一九線,苗栗縣警察局,苗栗分局
186,苗栗縣頭屋鄉明德水庫東側苗一二六線,苗栗縣警察局,苗栗分局
187,苗栗市大同西勢美南,苗栗縣警察局,苗栗分局
188,苗栗市和平街網球場場旁,苗栗縣警察局,苗栗分局
189,苗栗市焦嶺街,苗栗縣警察局,苗栗分局
190,苗栗縣三義鄉西湖村九華山,苗栗縣警察局,苗栗分局
191,苗栗縣三義鄉西湖村車亭休息站,苗栗縣警察局,苗栗分局
192,苗栗縣九華山自行車道沿線林地,苗栗縣警察局,苗栗分局
193,苗128線與中興一街路口,苗栗縣警察局,苗栗分局
194,苗栗縣台72線與客屬大橋路口及橋下路段,苗栗縣警察局,苗栗分局
195,苗栗縣三義鄉龍騰村關刀山,苗栗縣警察局,苗栗分局
196,苗栗縣飛鳳村與曲洞村山區,苗栗縣警察局,苗栗分局
197,苗栗縣三義鄉龍騰村龍騰斷橋路段,苗栗縣警察局,苗栗分局
198,苗栗縣三義鄉雙湖村台十三線與銅鑼鄉交界,苗栗縣警察局,苗栗分局
199,苗栗縣三義鄉勝興村歐香新村,苗栗縣警察局,苗栗分局
200,苗栗縣三義鄉鯉魚潭村台十三線,苗栗縣警察局,苗栗分局
201,苗栗縣三義鄉台十三線與中苗六線路段,苗栗縣警察局,苗栗分局
202,苗栗縣竹南鎮竹南里竹南火車站,苗栗縣警察局,竹南分局
203,苗栗縣竹南鎮新南里竹南運動公園,苗栗縣警察局,竹南分局
204,苗栗縣竹南鎮龍鳳里龍鳳漁港,苗栗縣警察局,竹南分局
205,苗栗縣竹南鎮照南里第二市場,苗栗縣警察局,竹南分局
206,苗栗縣竹南鎮中華里博愛公園,苗栗縣警察局,竹南分局
207,苗栗縣竹南鎮竹興里假日之森,苗栗縣警察局,竹南分局
208,苗栗縣竹南鎮竹興里照南國中預定地,苗栗縣警察局,竹南分局
209,苗栗縣竹南鎮中美里親子之森,苗栗縣警察局,竹南分局
210,苗栗縣竹南鎮海口里長青之森,苗栗縣警察局,竹南分局
211,苗栗縣竹南鎮港墘里活動中心週遭河堤,苗栗縣警察局,竹南分局
212,苗栗縣竹南鎮大埔里綠大地社區,苗栗縣警察局,竹南分局
213,苗栗縣竹南鎮大埔里科學路群創電子前路邊,苗栗縣警察局,竹南分局
214,苗栗縣竹南鎮頂埔里頂埔郵局,苗栗縣警察局,竹南分局
215,苗栗縣造橋鄉大西村造橋火車站,苗栗縣警察局,竹南分局
216,苗栗縣造橋鄉大西村十字路口超商附近,苗栗縣警察局,竹南分局
217,苗栗縣造橋鄉鎮平興村大地牧場,苗栗縣警察局,竹南分局
218,苗栗縣造橋鄉談文村金源興加油站,苗栗縣警察局,竹南分局
219,苗栗縣造橋鄉談文村育達大學校區,苗栗縣警察局,竹南分局
220,苗栗縣後龍鎮灣寶里苗八、苗九線路口,苗栗縣警察局,竹南分局
221,苗栗縣後龍鎮海埔里外埔漁港,苗栗縣警察局,竹南分局
222,苗栗縣後龍鎮水尾里海堤,苗栗縣警察局,竹南分局
223,苗栗縣後龍鎮大庄里藝術家社區,苗栗縣警察局,竹南分局
224,苗栗縣後龍鎮中龍里後龍火車站,苗栗縣警察局,竹南分局
225,苗栗縣後龍鎮東明里下浮尾,苗栗縣警察局,竹南分局
226,苗栗縣後龍鎮中和里好望角,苗栗縣警察局,竹南分局
227,苗栗縣後龍鎮龍津里後龍出海口,苗栗縣警察局,竹南分局
228,苗栗縣頭份鎮中正路下公園,苗栗縣警察局,頭份分局
229,苗栗縣頭份鎮中正路上公園,苗栗縣警察局,頭份分局
230,苗栗縣頭份鎮後庄地區,苗栗縣警察局,頭份分局
231,苗栗縣頭份鎮銀河路,苗栗縣警察局,頭份分局
232,苗栗縣永和山水庫週邊、水源路,苗栗縣警察局,頭份分局
233,苗栗縣南庄鄉東河地區,苗栗縣警察局,頭份分局
234,苗栗縣苑裡鎮苑北里5鄰中山路,苗栗縣警察局,通霄分局
235,苗栗縣通霄鎮平安里12鄰土地公廟附近,苗栗縣警察局,通霄分局
236,苗栗縣通霄鎮通西里和平路與旗山路口,苗栗縣警察局,通霄分局
237,苗栗縣苑裡鎮客庄里中正一路,苗栗縣警察局,通霄分局
238,苗栗縣卓蘭鎮-兒童文峰公園,苗栗縣警察局,大湖分局
239,苗栗縣卓蘭鎮-中正路昭永路口,苗栗縣警察局,大湖分局
240,苗栗縣大湖鄉-民生市場,苗栗縣警察局,大湖分局
241,新竹市江山街16巷口,新竹市警察局,第一分局
242,新竹市西大路408號前,新竹市警察局,第一分局
243,新竹市西大路495號,新竹市警察局,第一分局
244,新竹市中山路170號,新竹市警察局,第一分局
245,新竹市崧嶺路57巷口,新竹市警察局,第一分局
246,新竹市大同路185巷內,新竹市警察局,第一分局
247,新竹市民族路與東門街附近,新竹市警察局,第二分局
248,新竹市東區中華路與民權路口附近,新竹市警察局,第二分局
249,新竹市北大路與民權路口附近,新竹市警察局,第二分局
250,新竹市中央路與三民路附近,新竹市警察局,第二分局
251,新竹市東區公園路216巷附近,新竹市警察局,第二分局
252,新竹市學府路與博愛街附近,新竹市警察局,第二分局
253,新竹市建功路至水源街附近,新竹市警察局,第二分局
254,新竹市光復路1段與長春街附近,新竹市警察局,第二分局
255,新竹市東區關新公園附近,新竹市警察局,第二分局
256,新竹市遊樂街附近,新竹市警察局,第三分局
257,新竹市國中街附近,新竹市警察局,第三分局
258,新竹市中山路778巷附近,新竹市警察局,第三分局
259,新竹市南大路550巷,新竹市警察局,第三分局
260,新竹市南大路748巷附近,新竹市警察局,第三分局
261,基隆市中正區觀海街,基隆市警察局,第二分局
262,基隆市仁愛區港西街,基隆市警察局,第一分局
263,基隆市中山區復興路,基隆市警察局,第四分局
264,基隆市仁愛區劉銘傳路,基隆市警察局,第一分局
265,基隆市仁愛區孝二路,基隆市警察局,第一分局
266,基隆市安樂區麥金路,基隆市警察局,第四分局
267,基隆市安樂區基金三路,基隆市警察局,第四分局
268,基隆市中山區德安路,基隆市警察局,第四分局
269,基隆市安樂區武訓街,基隆市警察局,第四分局
270,基隆市信義區深溪路,基隆市警察局,第二分局
271,基隆市安樂區安一路,基隆市警察局,第四分局
272,基隆市中山區成功二路,基隆市警察局,第四分局
273,基隆市七堵區明德一路,基隆市警察局,第三分局
274,基隆市仁愛區愛三路,基隆市警察局,第一分局
275,基隆市中正區中正路,基隆市警察局,第二分局
276,基隆市仁愛區龍安街,基隆市警察局,第一分局
277,基隆市仁愛區愛三路,基隆市警察局,第一分局
278,基隆市仁愛區仁一路,基隆市警察局,第一分局
279,基隆市仁愛區愛四路,基隆市警察局,第一分局
280,基隆市仁愛區成功一路,基隆市警察局,第一分局
281,基隆市仁愛區忠一路,基隆市警察局,第一分局
282,基隆市仁愛區孝三路,基隆市警察局,第一分局
283,基隆市仁愛區愛二路,基隆市警察局,第一分局
284,基隆市仁愛區孝一路,基隆市警察局,第一分局
285,基隆市信義區信一路,基隆市警察局,第二分局
286,基隆市中山區文明路,基隆市警察局,第四分局
287,基隆市安樂區基金一路,基隆市警察局,第四分局
288,基隆市仁愛區仁二路,基隆市警察局,第一分局
289,基隆市信義區東光路,基隆市警察局,第二分局
290,基隆市仁愛區愛三路,基隆市警察局,第一分局
291,雲林縣斗六市十三北路,雲林縣警察局,斗六分局
292,雲林縣雲林科技大學,雲林縣警察局,斗六分局
293,雲林縣斗六人文夜市,雲林縣警察局,斗六分局
294,雲林縣南聖宮停車場,雲林縣警察局,斗六分局
295,雲林縣斗六棒球場,雲林縣警察局,斗六分局
296,雲林縣斗南鎮大同路斗南田徑場,雲林縣警察局,斗南分局
297,雲林縣臺鐵石龜火車站站區,雲林縣警察局,斗南分局
298,雲林縣斗南鎮將軍里中正新村籃球場前,雲林縣警察局,斗南分局
299,雲林縣斗南鎮埤麻里奉天宮南側產業道路,雲林縣警察局,斗南分局
300,雲林縣東和村文化路12巷東和夜市,雲林縣警察局,斗南分局
301,雲林縣吳厝至崙背防汛堤防,雲林縣警察局,西螺分局
302,雲林縣西螺大橋週邊,雲林縣警察局,西螺分局
303,雲林縣北港鎮運動公園,雲林縣警察局,北港分局
304,雲林縣北港鎮太平路(游泳池後方)路口,雲林縣警察局,北港分局
305,彰化縣和美鎮鹿和路5段,彰化縣警察局,和美分局
306,彰化縣二林鎮西庄里泉西巷,彰化縣警察局,芳苑分局
307,彰化縣二林鎮梅芳里太平路,彰化縣警察局,芳苑分局
308,彰化縣大村鄉新興村新興巷,彰化縣警察局,員林分局
309,彰化縣大村鄉擺塘巷,彰化縣警察局,員林分局
310,彰化縣大城鄉潭墘村光復路,彰化縣警察局,芳苑分局
311,彰化縣北斗鎮大新路80巷,彰化縣警察局,北斗分局
312,彰化縣北斗鎮斗中路,彰化縣警察局,北斗分局
313,彰化縣永靖鄉五汴村五汴巷,彰化縣警察局,員林分局
314,彰化縣田中鎮中州路2段,彰化縣警察局,田中分局
315,彰化縣田中鎮斗中路2段,彰化縣警察局,田中分局
316,彰化縣田尾鄉光復路1段,彰化縣警察局,北斗分局
317,彰化縣田尾鄉新厝村新仁路,彰化縣警察局,北斗分局
318,彰化縣秀水鄉秀中街,彰化縣警察局,鹿港分局
319,彰化縣和美鎮鹿和路5段,彰化縣警察局,和美分局
320,彰化縣和美鎮福北路,彰化縣警察局,和美分局
321,彰化縣和美鎮糖友一街,彰化縣警察局,和美分局
322,彰化縣社頭鄉山腳路2段,彰化縣警察局,田中分局
323,彰化縣社頭鄉水井巷,彰化縣警察局,田中分局
324,彰化縣花壇鄉中山路1段,彰化縣警察局,彰化分局
325,彰化縣花壇鄉金墩街,彰化縣警察局,彰化分局
326,彰化縣芬園鄉彰南路3段,彰化縣警察局,彰化分局
327,彰化縣芬園鄉彰南路4段,彰化縣警察局,彰化分局
328,彰化縣員林鎮中山路1段,彰化縣警察局,員林分局
329,彰化縣員林鎮中山路2段,彰化縣警察局,員林分局
330,彰化縣員林鎮永春街,彰化縣警察局,員林分局
331,彰化縣員林鎮田中央巷,彰化縣警察局,員林分局
332,彰化縣員林鎮明倫路,彰化縣警察局,員林分局
333,彰化縣員林鎮員南路,彰化縣警察局,員林分局
334,彰化縣員林鎮莒光路,彰化縣警察局,員林分局
335,彰化縣員林鎮惠來街,彰化縣警察局,員林分局
336,彰化縣員林鎮福德街,彰化縣警察局,員林分局
337,彰化縣埔心鄉中正路1段,彰化縣警察局,溪湖分局
338,彰化縣埔心鄉永坡路2段,彰化縣警察局,溪湖分局
339,彰化縣埔心鄉明聖路4段,彰化縣警察局,溪湖分局
340,彰化縣鹿港鎮中山路,彰化縣警察局,鹿港分局
341,彰化縣鹿港鎮自強街,彰化縣警察局,鹿港分局
342,彰化縣鹿港鎮洋厝里新厝巷,彰化縣警察局,鹿港分局
343,彰化縣鹿港鎮海埔里鹿草路,彰化縣警察局,鹿港分局
344,彰化縣鹿港鎮頂厝里頂厝巷,彰化縣警察局,鹿港分局
345,彰化縣鹿港鎮鹿東路2段,彰化縣警察局,鹿港分局
346,彰化縣鹿港鎮鹿草路2段,彰化縣警察局,鹿港分局
347,彰化縣鹿港鎮廖厝里廖厝巷,彰化縣警察局,鹿港分局
348,彰化縣溪州鄉張厝村民生路,彰化縣警察局,北斗分局
349,彰化縣溪湖鎮大溪路1段,彰化縣警察局,溪湖分局
350,彰化縣溪湖鎮海豐路,彰化縣警察局,溪湖分局
351,彰化縣彰化市大埔路,彰化縣警察局,彰化分局
352,彰化縣彰化市中央路17巷,彰化縣警察局,彰化分局
353,彰化縣彰化市中正路1段,彰化縣警察局,彰化分局
354,彰化縣彰化市水尾一路,彰化縣警察局,彰化分局
355,彰化縣彰化市西勢街,彰化縣警察局,彰化分局
356,彰化縣彰化市阿夷里建國東路,彰化縣警察局,彰化分局
357,彰化縣彰化市南郭路1段,彰化縣警察局,彰化分局
358,彰化縣彰化市茄苳路1段,彰化縣警察局,彰化分局
359,彰化縣彰化市埔南街14巷,彰化縣警察局,彰化分局
360,彰化縣彰化市泰和中街,彰化縣警察局,彰化分局
361,彰化縣彰化市泰和東街,彰化縣警察局,彰化分局
362,彰化縣彰化市崙美路,彰化縣警察局,彰化分局
363,彰化縣彰化市彰水路99巷,彰化縣警察局,彰化分局
364,彰化縣彰化市彰和路1段,彰化縣警察局,彰化分局
365,彰化縣彰化市彰南路1段,彰化縣警察局,彰化分局
366,彰化縣彰化市彰南路二段,彰化縣警察局,彰化分局
367,彰化縣彰化市彰馬路,彰化縣警察局,彰化分局
368,彰化縣彰化市辭修路,彰化縣警察局,彰化分局
369,彰化縣福興鄉沿海路1段,彰化縣警察局,鹿港分局
370,彰化縣線西鄉頂庄村頂庄路,彰化縣警察局,和美分局
371,臺中市三民路一段與自由路一段口,臺中市政府警察局,第一分局
372,臺中市大新街與樂群街口,臺中市政府警察局,第一分局
373,臺中市柳川東二段與五權街口,臺中市政府警察局,第一分局
374,臺中市五權五街與五權路口,臺中市政府警察局,第一分局
375,臺中市公館路與自由路一段口,臺中市政府警察局,第一分局
376,臺中市西區五權西四街,臺中市政府警察局,第一分局
377,臺中市西區梅川東路,臺中市政府警察局,第一分局
378,臺中市西區博館二街,臺中市政府警察局,第一分局
379,臺中市西區五權西路一段,臺中市政府警察局,第一分局
380,臺中市西區忠明南路與五權五街口,臺中市政府警察局,第一分局
381,臺中市中區中正路與三民路口,臺中市政府警察局,第一分局
382,臺中市北區山西路一段,臺中市政府警察局,第二分局
383,臺中市北區五常街上,臺中市政府警察局,第二分局
384,臺中市北區成功路段,臺中市政府警察局,第二分局
385,臺中市北區太平路段,臺中市政府警察局,第二分局
386,臺中市北區一中街商圈,臺中市政府警察局,第二分局
387,臺中市北區大雅路上,臺中市政府警察局,第二分局
388,臺中市南區明德街,臺中市政府警察局,第三分局
389,臺中市東區長福路與旱溪路口周邊,臺中市政府警察局,第三分局
390,臺中市東區和平街,臺中市政府警察局,第三分局
391,臺中市南區合作街周邊,臺中市政府警察局,第三分局
392,臺中市南區明德街周邊,臺中市政府警察局,第三分局
393,臺中市東區後火車站周邊,臺中市政府警察局,第三分局
394,臺中市南區德富路與德祥街周邊,臺中市政府警察局,第三分局
395,臺中市南區忠明南路與復興路,臺中市政府警察局,第三分局
396,臺中市南區建成路與國光路口,臺中市政府警察局,第三分局
397,臺中市南區學府路與建成路周邊,臺中市政府警察局,第三分局
398,臺中市南屯區大芳街,臺中市政府警察局,第四分局
399,臺中市南屯區向上路三段、環中路口,臺中市政府警察局,第四分局
400,臺中市南屯區東興西街,臺中市政府警察局,第四分局
401,臺中市南屯區東興路、向上南路口,臺中市政府警察局,第四分局
402,臺中市南屯區五權西路二段,臺中市政府警察局,第四分局
403,臺中市南屯區文心南五路,臺中市政府警察局,第四分局
404,臺中市南屯區惠中路三段,臺中市政府警察局,第四分局
405,臺中市南屯區永春南路,臺中市政府警察局,第四分局
406,臺中市南屯區永春路,臺中市政府警察局,第四分局
407,臺中市南屯區大觀路,臺中市政府警察局,第四分局
408,臺中市南屯區忠勇路,臺中市政府警察局,第四分局
409,臺中市北屯區軍功里東山路1段,臺中市政府警察局,第五分局
410,臺中市北屯區平興里北屯路,臺中市政府警察局,第五分局
411,臺中市北屯區和平里軍和街,臺中市政府警察局,第五分局
412,臺中市北屯區平安里文心路4段,臺中市政府警察局,第五分局
413,臺中市北屯區三光一街,臺中市政府警察局,第五分局
414,臺中市北屯區崇德11路,臺中市政府警察局,第五分局
415,臺中市北屯區文昌東三街,臺中市政府警察局,第五分局
416,臺中市北屯區旅順路一段,臺中市政府警察局,第五分局
417,臺中市北屯區崇德二路二段,臺中市政府警察局,第五分局
418,臺中市西屯區福星北二街,臺中市政府警察局,第六分局
419,臺中市西屯區福星路,臺中市政府警察局,第六分局
420,臺中市西屯區河南路2段,臺中市政府警察局,第六分局
421,臺中市西屯區臺灣大道4段,臺中市政府警察局,第六分局
422,臺中市西屯區市政路,臺中市政府警察局,第六分局
423,臺中市西屯區福科路,臺中市政府警察局,第六分局
424,臺中市西屯區福雅路,臺中市政府警察局,第六分局
425,臺中市西屯區弘孝路,臺中市政府警察局,第六分局
426,臺中市西屯區天水西六街,臺中市政府警察局,第六分局
427,臺中市西屯區河南路,臺中市政府警察局,第六分局
428,臺中市豐原區三豐路,臺中市政府警察局,豐原分局
429,臺中市豐原區成功路,臺中市政府警察局,豐原分局
430,臺中市豐原區三民路,臺中市政府警察局,豐原分局
431,臺中市豐原區中正路地下道,臺中市政府警察局,豐原分局
432,臺中市豐原區南陽路綠山莊,臺中市政府警察局,豐原分局
433,臺中大雅區學府路,臺中市政府警察局,豐原分局
434,臺中市神岡區神林、庄前路,臺中市政府警察局,豐原分局
435,臺中市大里區塗城路,臺中市政府警察局,霧峰分局
436,臺中市大里區成功路,臺中市政府警察局,霧峰分局
437,臺中市大里區長春路,臺中市政府警察局,霧峰分局
438,臺中市大里區中興路1段,臺中市政府警察局,霧峰分局
439,臺中市大里區大明路,臺中市政府警察局,霧峰分局
440,臺中市大里區永隆路,臺中市政府警察局,霧峰分局
441,臺中市大里區大明路,臺中市政府警察局,霧峰分局
442,臺中市大里區國光路2段,臺中市政府警察局,霧峰分局
443,臺中市大里區爽文路,臺中市政府警察局,霧峰分局
444,臺中市大里區德芳南路,臺中市政府警察局,霧峰分局
445,臺中市大里區國光路2段,臺中市政府警察局,霧峰分局
446,臺中市大里區國光路1段,臺中市政府警察局,霧峰分局
447,臺中市大里區德芳南路2段,臺中市政府警察局,霧峰分局
448,臺中市大里區大里路,臺中市政府警察局,霧峰分局
449,臺中市大里區立中街,臺中市政府警察局,霧峰分局
450,臺中市大里區中興路2段,臺中市政府警察局,霧峰分局
451,臺中市大里區東榮路1段,臺中市政府警察局,霧峰分局
452,臺中市霧峰區中正路,臺中市政府警察局,霧峰分局
453,臺中市霧峰區林森路,臺中市政府警察局,霧峰分局
454,臺中市霧峰區振興街,臺中市政府警察局,霧峰分局
455,臺中市烏日區新興路,臺中市政府警察局,烏日分局
456,臺中市烏日區仁德里信義街,臺中市政府警察局,烏日分局
457,臺中市烏日區九德里長春街,臺中市政府警察局,烏日分局
458,臺中市烏日區光日路號,臺中市政府警察局,烏日分局
459,臺中市烏日區溪南路一段,臺中市政府警察局,烏日分局
460,臺中市烏日區光明里五光路,臺中市政府警察局,烏日分局
461,臺中市烏日區中山路一段協心巷,臺中市政府警察局,烏日分局
462,臺中市烏日區光日路地下道,臺中市政府警察局,烏日分局
463,臺中市大肚區頂街里沙田路二段,臺中市政府警察局,烏日分局
464,臺中市大肚區福山里沙田路一段,臺中市政府警察局,烏日分局
465,臺中市大肚區遊園路1段,臺中市政府警察局,烏日分局
466,臺中市大肚區瑞井路,臺中市政府警察局,烏日分局
467,臺中市大肚區頂街里大明三街,臺中市政府警察局,烏日分局
468,臺中市大肚區沙田路1段福山百姓公祠公墓,臺中市政府警察局,烏日分局
469,臺中市大肚區遊園路一段台中區監理所附近,臺中市政府警察局,烏日分局
470,臺中市龍井區龍崗里沙田路四段,臺中市政府警察局,烏日分局
471,臺中市龍井區三德里中央路二段,臺中市政府警察局,烏日分局
472,臺中市龍井區台灣大道五段東園巷,臺中市政府警察局,烏日分局
473,臺中市龍井區新東里新興路,臺中市政府警察局,烏日分局
474,臺中市龍井區水裡港巷,臺中市政府警察局,烏日分局
475,臺中市龍井區麗水大斑池後方,臺中市政府警察局,烏日分局
476,臺中市梧棲區中央路2段,臺中市政府警察局,清水分局
477,臺中市清水區民享路與民享一街口,臺中市政府警察局,清水分局
478,臺中市沙鹿區光華陸橋下與日新街口,臺中市政府警察局,清水分局
479,臺中市大甲區中山路一段,臺中市政府警察局,大甲分局
480,臺中市大安區龜殼里埔頭路,臺中市政府警察局,大甲分局
481,臺中市外埔區大東里甲后路,臺中市政府警察局,大甲分局
482,臺中市外埔區馬鳴里東西巷,臺中市政府警察局,大甲分局
483,臺中市外埔區水美里山腳巷,臺中市政府警察局,大甲分局
484,臺中市外埔區長生路,臺中市政府警察局,大甲分局
485,臺中市后里區水門路,臺中市政府警察局,大甲分局
486,臺中市后里區民生路,臺中市政府警察局,大甲分局
487,臺中市后里區中和里主和路,臺中市政府警察局,大甲分局
488,臺中市大安區南埔路,臺中市政府警察局,大甲分局
489,臺中市后里區公館里安眉路,臺中市政府警察局,大甲分局
490,臺中市大甲區銅安里長壽路,臺中市政府警察局,大甲分局
491,臺中市太平區長億路921紀念公園,臺中市政府警察局,太平分局
492,臺中市東勢區舊東勢高工校區,臺中市政府警察局,東勢分局
493,臺中市新社區興安路,臺中市政府警察局,東勢分局
494,臺中市石岡區豐勢路,臺中市政府警察局,東勢分局
495,臺中市石岡區里豐路,臺中市政府警察局,東勢分局
496,臺中市新社區協成里興隆街軍人公墓附近,臺中市政府警察局,東勢分局
497,臺中市和平區梨山里中正路,臺中市政府警察局,和平分局
498,臺北市萬華區康定路、桂林路口,臺北市政府警察局,萬華分局
499,臺北市萬華區水源路199號內藍球場,臺北市政府警察局,萬華分局
500,臺北市萬華區萬大路424巷97號旁三角公園,臺北市政府警察局,萬華分局
501,臺北市中山區林森公園,臺北市政府警察局,中山分局
502,臺北市中山區中山北路2段116巷(中山北路至天祥路段),臺北市政府警察局,中山分局
503,臺北市中山區撫順公園,臺北市政府警察局,中山分局
504,臺北市中山區松江路(長春路至南京東路),臺北市政府警察局,中山分局
505,臺北市中山區長安東路2段(遼寧街至龍江路),臺北市政府警察局,中山分局
506,臺北市中山區新生北路與民權東路口,臺北市政府警察局,中山分局
507,臺北市中山區大佳河濱公園8號水門附近,臺北市政府警察局,中山分局
508,臺北市中山區美堤公園,臺北市政府警察局,中山分局
509,臺北市大安區忠孝東路4段一帶,臺北市政府警察局,大安分局
510,臺北市大安區建國南路1段建國橋下周邊,臺北市政府警察局,大安分局
511,臺北市大安區金山南路2段一帶,臺北市政府警察局,大安分局
512,臺北市大安區東豐街一帶,臺北市政府警察局,大安分局
513,臺北市中正區中華路1段一帶,臺北市政府警察局,中正第一分局
514,臺北市中正區濟南路2段一帶,臺北市政府警察局,中正第一分局
515,臺北市中正區羅斯福路3段286巷,臺北市政府警察局,中正第二分局
516,臺北市中正區臺北捷運公館站1號出口,臺北市政府警察局,中正第二分局
517,臺北市中正區南海路105號國聖公園,臺北市政府警察局,中正第二分局
518,臺北市中正區寧波西街181巷內永寬公圓,臺北市政府警察局,中正第二分局
519,臺北市中正區南昌路一段24巷內,臺北市政府警察局,中正第二分局
520,臺北市中正區寧波西街24-52號一帶,臺北市政府警察局,中正第二分局
521,臺北市中正區羅斯福路二段66巷內,臺北市政府警察局,中正第二分局
522,臺北市中正區寧波西街(泉州街至重慶南路段),臺北市政府警察局,中正第二分局
523,臺北市中正區延平南路(和平西路至愛國西路段),臺北市政府警察局,中正第二分局
524,臺北市中正區廈門街、汀州路至和平西路一帶,臺北市政府警察局,中正第二分局
525,臺北市松山區八德路4段91巷,臺北市政府警察局,松山分局
526,臺北市松山區基四號水門內,臺北市政府警察局,松山分局
527,臺北市松山區八德路4段453巷,臺北市政府警察局,松山分局
528,臺北市松山區復興北路15號附近,臺北市政府警察局,松山分局
529,臺北市松山區八德路2段346巷5弄附近,臺北市政府警察局,松山分局
530,臺北市松山區南京東路5段147巷內,臺北市政府警察局,松山分局
531,臺北市松山區民權東路3段191巷37弄,臺北市政府警察局,松山分局
532,臺北市信義區仁愛路4段510巷口周邊,臺北市政府警察局,信義分局
533,臺北市信義區松壽路20巷口附近,臺北市政府警察局,信義分局
534,臺北市信義區福德街268巷7弄內周邊,臺北市政府警察局,信義分局
535,臺北市信義區松山路119巷後方防火巷,臺北市政府警察局,信義分局
536,臺北市信義區景新里景新公園〈松勤街50號〉周邊,臺北市政府警察局,信義分局
537,臺北市信義區和平東路3段295號附近,臺北市政府警察局,信義分局
538,臺北市士林區美崙街190號旁(基河路底),臺北市政府警察局,士林分局
539,臺北市士林區忠誠路2段運動公園周邊,臺北市政府警察局,士林分局
540,臺北市士林區芝山捷運站,臺北市政府警察局,士林分局
541,臺北市士林區前港公園籃球場,臺北市政府警察局,士林分局
542,臺北市士林區雨農國小司令台後,臺北市政府警察局,士林分局
543,臺北市士林區聖人瀑布,臺北市政府警察局,士林分局
544,臺北市士林區永公路245巷34弄底重劃區周邊,臺北市政府警察局,士林分局
545,臺北市北投區新市街市場周邊,臺北市政府警察局,北投分局
546,臺北市北投區秀山路貴子坑溪沿線,臺北市政府警察局,北投分局
547,臺北市北投區清江路207巷,臺北市政府警察局,北投分局
548,臺北市北投區大屯路沿線,臺北市政府警察局,北投分局
549,臺北市北投區文林北路175巷,臺北市政府警察局,北投分局
550,臺北市北投區榮總後方停車場,臺北市政府警察局,北投分局
551,臺北市北投區石牌路二段97巷周邊,臺北市政府警察局,北投分局
552,臺北市北投區裕民一路40巷,臺北市政府警察局,北投分局
553,臺北市北投區關渡宮停車場,臺北市政府警察局,北投分局
554,臺北市北投區關渡捷運站2號出口至人行地下道,臺北市政府警察局,北投分局
555,臺北市北投區中央北路三段,臺北市政府警察局,北投分局
556,臺北市北投區光明路131巷,臺北市政府警察局,北投分局
557,臺北市北投區磺港路、三合街口,臺北市政府警察局,北投分局
558,臺北市北投區湖山路2段花鐘周邊,臺北市政府警察局,北投分局
559,臺北市北投區竹子湖路沿線,臺北市政府警察局,北投分局
560,臺北市文山區指南路1段道南橋下,臺北市政府警察局,文山第一分局
561,臺北市文山區興隆路4段96巷內,臺北市政府警察局,文山第一分局
562,臺北市文山區景美溪河堤,臺北市政府警察局,文山第一分局
563,臺北市文山區秀明路2段112巷內,臺北市政府警察局,文山第一分局
564,臺北市文山區萬安街12巷2號周邊,臺北市政府警察局,文山第一分局
565,臺北市南港區研究院路2段九如公園,臺北市政府警察局,南港分局
566,臺北市南港區中坡南路玉成公園,臺北市政府警察局,南港分局
567,臺北市內湖區成功路2段312巷湖興公園,臺北市政府警察局,內湖分局
568,臺北市內湖區內湖路3段60巷50弄一帶,臺北市政府警察局,內湖分局
569,新竹縣新豐鄉火車站旁,新竹縣政府警察局,竹北分局
570,新竹縣竹北市鳳岡路5段155巷52弄附近,新竹縣政府警察局,竹北分局
571,新竹縣竹東鎮興農街藍青診所前,新竹縣政府警察局,竹東分局
572,新竹縣竹北市新國里13鄰新光街,新竹縣政府警察局,竹北分局
573,新竹縣竹北市光明九路與縣政七街附近,新竹縣政府警察局,竹北分局
574,新竹縣竹北市華興街與新明街口,新竹縣政府警察局,竹北分局
575,新竹縣湖口鄉工業二路,新竹縣政府警察局,竹北分局
576,新竹縣五峰鄉花園村天洞道路,新竹縣政府警察局,竹東分局
577,新竹縣寶山鄉三峰村5鄰山區,新竹縣政府警察局,竹東分局
578,新竹縣新埔鎮新龍路230巷附近山邊池塘,新竹縣政府警察局,新埔分局
579,新竹縣新埔鎮旱坑里11鄰旱坑路1段垃圾場,新竹縣政府警察局,新埔分局
580,新竹縣竹北市三民路與博愛街附近,新竹縣政府警察局,竹北分局
581,新竹縣竹北市華興街廣四停車場,新竹縣政府警察局,竹北分局
582,新竹縣竹東鎮仁愛里河濱公園,新竹縣政府警察局,竹東分局
583,新竹縣竹東鎮中豐路三段土地公廟,新竹縣政府警察局,竹東分局
584,新竹縣竹東鎮中山里中山路10-20號,新竹縣政府警察局,竹東分局
585,新竹縣竹北市溝貝偏僻堤防,新竹縣政府警察局,竹北分局
586,新竹縣新豐鄉福隆國小旁超商附近,新竹縣政府警察局,竹北分局
587,新竹縣新豐鄉員山子99-1號附近,新竹縣政府警察局,竹北分局
588,新竹縣橫山鄉橫山街1段54號附近,新竹縣政府警察局,橫山分局
589,新竹縣新埔鎮新北里北打鐵坑,新竹縣政府警察局,新埔分局
590,高雄市新興區七賢一路,高雄市政府警察局,新興分局
591,高雄市新興區洛陽街,高雄市政府警察局,新興分局
592,高雄市新興區信守街,高雄市政府警察局,新興分局
593,高雄市新興區民生一路、復興一路,高雄市政府警察局,新興分局
594,高雄市新興區六合路,高雄市政府警察局,新興分局
595,高雄市新興區中華三路,高雄市政府警察局,新興分局
596,高雄市新興區七賢二路,高雄市政府警察局,新興分局
597,高雄市新興區六合二路,高雄市政府警察局,新興分局
598,高雄市新興區武營路571巷口,高雄市政府警察局,苓雅分局
599,高雄市苓雅區英明路260巷,高雄市政府警察局,苓雅分局
600,高雄市苓雅區武智街4巷,高雄市政府警察局,苓雅分局
601,高雄市苓雅區英義街,高雄市政府警察局,苓雅分局
602,高雄市苓雅區三多一路,高雄市政府警察局,苓雅分局
603,高雄市苓雅區和平二路,高雄市政府警察局,苓雅分局
604,高雄市苓雅區廣州一街,高雄市政府警察局,苓雅分局
605,高雄市苓雅區林安里金門惠安街口,高雄市政府警察局,苓雅分局
606,高雄市苓雅區四維三路人行道上,高雄市政府警察局,苓雅分局
607,高雄市苓雅區成功一路與新田路口,高雄市政府警察局,苓雅分局
608,高雄市苓雅區新田路,高雄市政府警察局,苓雅分局
609,高雄市苓雅區新光路與中華四路,高雄市政府警察局,苓雅分局
610,高雄市苓雅區興中二路,高雄市政府警察局,苓雅分局
611,高雄市苓雅區中山路與三多路口,高雄市政府警察局,苓雅分局
612,高雄市苓雅區三多四路,高雄市政府警察局,苓雅分局
613,高雄市苓雅區四維四路,高雄市政府警察局,苓雅分局
614,高雄市苓雅區四維三路,高雄市政府警察局,苓雅分局
615,高雄市苓雅區自強三路,高雄市政府警察局,苓雅分局
616,高雄市苓雅區建民正言路口,高雄市政府警察局,苓雅分局
617,高雄市苓雅區建國一路,高雄市政府警察局,苓雅分局
618,高雄市苓雅區三多一路,高雄市政府警察局,苓雅分局
619,高雄市苓雅區建民路,高雄市政府警察局,苓雅分局
620,高雄市苓雅區正義路302巷,高雄市政府警察局,苓雅分局
621,高雄市三民區天津、緩遠路口,高雄市政府警察局,三民一分局
622,高雄市三民區十全二路,高雄市政府警察局,三民一分局
623,高雄市三民區同協路沿線,高雄市政府警察局,三民一分局
624,高雄市三民區重慶、北平路口,高雄市政府警察局,三民一分局
625,高雄市三民區重慶、緩遠路口,高雄市政府警察局,三民一分局
626,高雄市三民區覺民路,高雄市政府警察局,三民一分局
627,高雄市三民區建元路9巷,高雄市政府警察局,三民二分局
628,高雄市三民區建興路99巷20弄,高雄市政府警察局,三民二分局
629,高雄市三民區興昌街,高雄市政府警察局,三民二分局
630,高雄市三民區建興、建武路口,高雄市政府警察局,三民二分局
631,高雄市三民區正忠路,高雄市政府警察局,三民二分局
632,高雄市三民區建興路巷弄內,高雄市政府警察局,三民二分局
633,高雄市三民區天祥一路125巷,高雄市政府警察局,三民二分局
634,高雄市三民區大裕鼎金路口,高雄市政府警察局,三民二分局
635,高雄市三民區覺民、民豐路口,高雄市政府警察局,三民二分局
636,高雄市三民區義華路159巷,高雄市政府警察局,三民二分局
637,高雄市三民區澄和路,高雄市政府警察局,三民二分局
638,高雄市三民區大順二路民族路口,高雄市政府警察局,三民二分局
639,高雄市三民區立志街13巷,高雄市政府警察局,三民二分局
640,高雄市三民區正忠路,高雄市政府警察局,三民二分局
641,高雄市三民區立志街38巷,高雄市政府警察局,三民二分局
642,高雄市前鎮區英明一路,高雄市政府警察局,前鎮分局
643,高雄市前鎮區育群街295巷1弄,高雄市政府警察局,前鎮分局
644,高雄市前鎮區和平二路,高雄市政府警察局,前鎮分局
645,高雄市前鎮區中山路、鎮中路,高雄市政府警察局,前鎮分局
646,高雄市前鎮區佛公路、佛道路,高雄市政府警察局,前鎮分局
647,高雄市前鎮區明道二街,高雄市政府警察局,前鎮分局
648,高雄市前鎮區鎮東街,高雄市政府警察局,前鎮分局
649,高雄市前鎮區中山、復興路口,高雄市政府警察局,前鎮分局
650,高雄市前鎮區時代大道,高雄市政府警察局,前鎮分局
651,高雄市鹽埕區音樂館,高雄市政府警察局,鹽埕分局
652,高雄市鹽埕區大仁路,高雄市政府警察局,鹽埕分局
653,明倫路一帶(近高等法院),高雄市政府警察局,鼓山分局
654,高雄市鼓山區篤敬、文信路口,高雄市政府警察局,鼓山分局
655,高雄市鼓山區裕誠路沿線,高雄市政府警察局,鼓山分局
656,高雄市鼓山區龍德路沿線,高雄市政府警察局,鼓山分局
657,高雄市鼓山區文忠路與篤敬路口,高雄市政府警察局,鼓山分局
658,高雄市鼓山區明倫路,高雄市政府警察局,鼓山分局
659,高雄市鼓山區九如、吳鳳路口 ,高雄市政府警察局,鼓山分局
660,高雄市鼓山區鼓山三路,高雄市政府警察局,鼓山分局
661,高雄市鼓山區逢甲、銘傳路85巷口,高雄市政府警察局,鼓山分局
662,高雄市鼓山區臨海二路30巷,高雄市政府警察局,鼓山分局
663,高雄市左營區蓮潭路→明潭路→翠華路,高雄市政府警察局,左營分局
664,高雄市左營區左營大路,高雄市政府警察局,左營分局
665,高雄市左營區富民.明誠路口,高雄市政府警察局,左營分局
666,高雄市左營區南屏.裕誠路口,高雄市政府警察局,左營分局
667,高雄市左營區重清路278巷1弄、裕誠路,高雄市政府警察局,左營分局
668,高雄市左營區博愛四路與大中二路,高雄市政府警察局,左營分局
669,高雄市左營區民族路 ,高雄市政府警察局,左營分局
670,高雄市左營區崇實新村,高雄市政府警察局,左營分局
671,高雄市左營區果貿社區,高雄市政府警察局,左營分局
672,高雄市左營區新莊仔路(翠華至勝利路口),高雄市政府警察局,左營分局
673,高雄市左營區舊城巷,高雄市政府警察局,左營分局
674,高雄市左營區軍校路國軍左營醫院附近,高雄市政府警察局,左營分局
675,高雄市左營區博愛三路與大中二路口,高雄市政府警察局,左營分局
676,高雄市左營區民族路文藻學校附近,高雄市政府警察局,左營分局
677,高雄市楠梓區右昌街,高雄市政府警察局,楠梓分局
678,高雄市小港區港平路,高雄市政府警察局,小港分局
679,高雄市小港區平和西路,高雄市政府警察局,小港分局
680,高雄市小港區平和東路與平和南路口,高雄市政府警察局,小港分局
681,高雄市小港區東亞路,高雄市政府警察局,小港分局
682,高雄市小港區翠亨南與平和東路口,高雄市政府警察局,小港分局
683,高雄市小港區漢美街,高雄市政府警察局,小港分局
684,高雄市小港區平和十路與鋼平街口,高雄市政府警察局,小港分局
685,高雄市小港區桂義街與桂德街口,高雄市政府警察局,小港分局
686,高雄市小港區華昌街93巷口,高雄市政府警察局,小港分局
687,高雄市小港區桂陽路與桂明街口,高雄市政府警察局,小港分局
688,高雄市小港區高松路與山田路口,高雄市政府警察局,小港分局
689,高雄市小港區高松路高架橋下,高雄市政府警察局,小港分局
690,高雄市小港區高松路松金街口,高雄市政府警察局,小港分局
691,高雄市小港區松和路,高雄市政府警察局,小港分局
692,高雄市小港區華山路段,高雄市政府警察局,小港分局
693,高雄市小港區漢民與金府路口,高雄市政府警察局,小港分局
694,高雄市小港區R3捷運站出口,高雄市政府警察局,小港分局
695,高雄市鳳山區經武路,高雄市政府警察局,鳳山分局
696,高雄市鳳山區和平路火車站地下道,高雄市政府警察局,鳳山分局
697,高雄市鳳山區和平路與文和街口,高雄市政府警察局,鳳山分局
698,高雄市鳳山區南福街,高雄市政府警察局,鳳山分局
699,高雄市鳳山區五甲二路沿線,高雄市政府警察局,鳳山分局
700,高雄市鳳山區林森路沿線,高雄市政府警察局,鳳山分局
701,高雄市鳳山區南安路與五福二路100巷口,高雄市政府警察局,鳳山分局
702,高雄市鳳山區長明街沿線,高雄市政府警察局,鳳山分局
703,高雄市鳳山區中山東路229巷15弄與瑞明街口,高雄市政府警察局,鳳山分局
704,高雄市鳳山區頂新路與過勇路口,高雄市政府警察局,鳳山分局
705,高雄市鳳山區鳳頂路沿線,高雄市政府警察局,鳳山分局
706,高雄市鳳山區鳳南路,高雄市政府警察局,鳳山分局
707,高雄市鳳山區保華路與寶陽路口,高雄市政府警察局,鳳山分局
708,高雄市岡山區橋新六路與橋新十路口,高雄市政府警察局,岡山分局
709,高雄市旗山區中山路,高雄市政府警察局,旗山分局
710,高雄市六龜區六龜區荖濃國小廁所,高雄市政府警察局,六龜分局
711,高雄市六龜區茂林區茂林國小廁所,高雄市政府警察局,六龜分局
712,高雄市六龜區桃源區復興里環保公園,高雄市政府警察局,六龜分局
713,高雄市林園區林園北路,高雄市政府警察局,林園分局
714,高雄市林園區忠孝路與文化路口,高雄市政府警察局,林園分局
715,高雄市大寮區鳳林二路,高雄市政府警察局,林園分局
716,高雄市大寮區光明路一段,高雄市政府警察局,林園分局
717,高雄市大寮區光明路一段與光華路口,高雄市政府警察局,林園分局
718,高雄市大寮區會社里正氣路段,高雄市政府警察局,林園分局
719,高雄市大寮區內坑里內坑路段,高雄市政府警察局,林園分局
720,南投縣草屯鎮雙冬里中正路紫雲宮,南投縣政府警察局,草屯分局
721,南投縣草屯鎮平林里藝術大道,南投縣政府警察局,草屯分局
722,南投縣草屯鎮太平路,南投縣政府警察局,草屯分局
723,南投縣草屯鎮育英街,南投縣政府警察局,草屯分局
724,南投縣草屯鎮博愛路號,南投縣政府警察局,草屯分局
725,南投縣草屯鎮成功路,南投縣政府警察局,草屯分局
726,南投縣草屯鎮芬草路三段,南投縣政府警察局,草屯分局
727,南投縣草屯鎮新豐路,南投縣政府警察局,草屯分局
728,南投縣南投市中山街,南投縣政府警察局,南投分局
729,南投縣南投市集賢路,南投縣政府警察局,南投分局
730,南投縣南投市族路,南投縣政府警察局,南投分局
731,南投縣南投市南崗二路,南投縣政府警察局,南投分局
732,南投縣南投市大同街,南投縣政府警察局,南投分局
733,南投縣集集鎮水尾路,南投縣政府警察局,集集分局
734,南投縣集集鎮名水路二段,南投縣政府警察局,集集分局
735,南投縣水里鄉北埔村中山路一段,南投縣政府警察局,集集分局
736,南投縣水里鄉中央村民生路,南投縣政府警察局,集集分局
737,南投縣水里鄉新城民權路,南投縣政府警察局,集集分局
738,南投縣水里鄉農富村大灣路,南投縣政府警察局,集集分局
739,南投縣竹山鎮集山路3段,南投縣政府警察局,竹山分局
740,南投縣竹山鎮雲林路,南投縣政府警察局,竹山分局
741,南投縣竹山鎮菜園路,南投縣政府警察局,竹山分局
742,南投縣竹山鎮大禮路,南投縣政府警察局,竹山分局
743,南投縣竹山鎮延平里集山路二段,南投縣政府警察局,竹山分局
744,南投縣竹山鎮山崇巷,南投縣政府警察局,竹山分局
745,南投縣埔里鎮東榮路,南投縣政府警察局,埔里分局
746,南投縣埔里鎮北環路,南投縣政府警察局,埔里分局
747,南投縣埔里鎮仁愛路,南投縣政府警察局,埔里分局
748,南投縣埔里鎮西門里西寧路,南投縣政府警察局,埔里分局
749,南投縣埔里鎮中山路三段,南投縣政府警察局,埔里分局
750,南投縣埔里仁愛路中正路口,南投縣政府警察局,埔里分局
751,南投縣南投市中華路,南投縣政府警察局,中興分局
752,南投縣南投市北營里中學西路,南投縣政府警察局,中興分局
753,新北市三重區三陽路100巷,新北市政府警察局,三重分局
754,新北市三重區後竹圍、力行路口,新北市政府警察局,三重分局
755,新北市三重區忠孝路二段,新北市政府警察局,三重分局
756,新北市三重區大智街,新北市政府警察局,三重分局
757,新北市三重區忠孝路三段,新北市政府警察局,三重分局
758,新北市三重區三民街,新北市政府警察局,三重分局
759,新北市三重區中興北街,新北市政府警察局,三重分局
760,新北市三重區中興南街,新北市政府警察局,三重分局
761,新北市三重區正義北路,新北市政府警察局,三重分局
762,新北市中和區興南路2段烘爐地附近,新北市政府警察局,中和第一分局
763,新北市中和區忠孝街,新北市政府警察局,中和第一分局
764,新北市中和區安樂路,新北市政府警察局,中和第一分局
765,新北市中和區和平街,新北市政府警察局,中和第一分局
766,新北市中和區中興街,新北市政府警察局,中和第一分局
767,新北市中和區景安路,新北市政府警察局,中和第一分局
768,新北市中和區南華路,新北市政府警察局,中和第一分局
769,新北市中和區中興街,新北市政府警察局,中和第一分局
770,新北市中和區立德街,新北市政府警察局,中和第二分局
771,新北市中和區板南路,新北市政府警察局,中和第二分局
772,新北市三重區忠孝路,新北市政府警察局,中和第二分局
773,新北市板橋區重慶路,新北市政府警察局,板橋分局
774,新北市板橋區館前東路,新北市政府警察局,板橋分局
775,新北市板橋區信義路,新北市政府警察局,板橋分局
776,新北市板橋區中山路1.2段,新北市政府警察局,海山分局
777,新北市板橋區文化路2段,新北市政府警察局,海山分局
778,新北市板橋區縣民大道民生路段,新北市政府警察局,海山分局
779,新北市板橋區雙十路段,新北市政府警察局,海山分局
780,新北市板橋區新埔捷運站鄰近路段,新北市政府警察局,海山分局
781,新北市板橋區江子翠捷運站鄰近路段,新北市政府警察局,海山分局
782,新北市板橋區長江路1段,新北市政府警察局,海山分局
783,新北市板橋區裕民街路段,新北市政府警察局,海山分局
784,新北市淡水區淡金路三段,新北市政府警察局,淡水分局
785,新北市新店區安康森林公園,新北市政府警察局,新店分局
786,新北市新店區安德街,新北市政府警察局,新店分局
787,新北市新店區安民街、碧安街,新北市政府警察局,新店分局
788,新北市烏來區溫泉街,新北市政府警察局,新店分局
789,新北市新莊區化成路,新北市政府警察局,新莊分局
790,新北市樹林區中正路,新北市政府警察局,樹林分局
791,新北市樹林區柑園街二段,新北市政府警察局,樹林分局
,,,
,,,
,,,
,,,
,,,
,,,
,,,
,,,
,,,
,,,
,,,
,,,
,,,
,,,
,,,
,,,
,,,
,,,
,,,
,,,
,,,
,,,
,,,
,,,
,,,
,,,
,,,
,,,
,,,
,,,
,,,
,,,
,,,
,,,
,,,
,,,
,,,
,,,
,,,
,,,
,,,
,,,
,,,
,,,
,,,
,,,
,,,
,,,
,,,
,,,
,,,
,,,
,,,
,,,
,,,




































































